1;Mysz;Długowłosa;samiec;Ferrari;176;2018-07-22;2.9;0.19;5.3
2;Kot;Rosyjski niebieski;samiec;Smolik ;270;2015-10-17;5.7;3.5;27.2
3;Pies;Bulterier;samica;Eska;335;2010-07-03;11;11.4;39
4;Mysz;Długowłosa;samica;Jula;8;2020-11-28;0.6;0.11;5.4
5;Królik;Kalifornijski;samica;Alexa;121;2020-03-05;1.3;2.3;16.7
6;Pies;Pies chodzki;samica;Tessa ;13;2009-10-08;11.7;22.6;53
7;Pies;Pudel;samiec;Dino;343;2014-07-03;7;24.9;52.3
8;Pies;Amerykański pitbulterier;samiec;Puszek;118;2010-01-19;11.5;20.3;49.9
9;Pies;Pekińczyk;samiec;Diego;332;2019-01-17;2.5;5.4;15.3
10;Chomik;Chiński;samiec;Irys;37;2020-12-31;0.5;0.25;5.6
11;Pies;Pies chodzki;samica; Suzi;385;2010-01-18;11.5;18.7;48.6
12;Chomik;Zabajkalski;samica;Selena ;364;2018-10-25;2.7;0.19;6.7
13;Pies;Owczarek podhalański;samiec;Kaprys;229;2011-04-03;10.2;53.3;62
14;Mysz;Krótkowłosa;samiec;Puszek;224;2020-11-05;0.6;0.15;3.5
15;Kot;Syjamski;samiec; Mikrus;282;2011-08-23;9.9;5.1;22.7
16;Pies;Bokser;samiec;Rysiek ;324;2008-07-21;13;25.5;57.3
17;Chomik;Zabajkalski;samiec; Pimpek;88;2020-05-22;1.1;0.26;6.7
18;Pies;Buldog amerykański;samica;Biała ;310;2019-03-14;2.3;52.4;60
19;Kot;Doński sfinks;samica;Furia ;18;2020-08-05;0.9;6.5;23.5
20;Królik;Mały baran;samiec;Szajba;2;2018-06-20;3;2;16.5
21;Pies;Owczarek szkocki długowłosy;samiec;Helmut ;355;2019-12-22;1.5;24.9;51
22;Pies;Owczarek portugalski;samiec;Sherlock;116;2016-04-14;5.2;16.8;46.6
23;Pies;Dog argentyński;samica;Mia;46;2011-04-10;10.2;42.9;65.7
24;Kot;Brytyjski krótkowłosy;samica;Wiga;22;2019-06-23;2;5.7;30.8
25;Chomik;Zabajkalski;samica;Tora;180;2018-01-24;3.4;0.21;5.4
26;Pies;Wyżeł włoski krótkowłosy;samica; Fuzja;367;2009-11-06;11.7;35.5;65
27;Kot;Japoński bobtail;samiec;Leon;16;2015-05-15;6.1;6.4;27.7
28;Pies;Terier australijski;samiec;Hipolit ;293;2015-03-25;6.3;5.3;21.8
29;Pies;Cocker spaniel amerykański;samica;Viola ;219;2016-11-04;4.7;11.8;39.2
30;Kot;Perski;samica;Nadia;123;2012-06-26;9;3.4;26.1
31;Pies;Owczarek szkocki długowłosy;samiec;Uszatek;23;2009-06-28;12;22.5;52.5
32;Pies;Doberman;samica;Ida;361;2012-09-06;8.8;44.2;72.3
33;Pies;Bokser;samiec; Hachi;351;2019-05-12;2.1;27.1;60.4
34;Pies;Samojed;samica;Linda ;265;2013-06-16;8;27.4;56.5
35;Pies;Doberman;samiec;Stich ;108;2017-06-25;4;43.9;71.2
36;Pies;Owczarek kaukaski;samiec;Cypis;286;2020-10-27;0.7;59.3;75.1
37;Pies;Szpic niemiecki;samica;Goja ;84;2013-12-08;7.6;26.2;46
38;Kot;Himalayan;samica; Lila;353;2019-09-17;1.8;7.9;28.5
39;Pies;Pekińczyk;samiec;Hultaj ;191;2013-03-06;8.3;5.7;19.6
40;Chomik;Zabajkalski;samiec;Harold;315;2018-04-08;3.2;0.23;5
41;Kot;Maine coon;samiec;Gucio;144;2018-12-01;2.6;8;28.1
42;Pies;Husky syberyjski;samica;Coffee;302;2009-02-16;12.4;23;51.7
43;Mysz;Loczkowana;samica;Daisy;211;2018-08-16;2.9;0.16;4
44;Mysz;Satynowa;samica;Ofelia;242;2019-01-07;2.5;0.18;5.2
45;Kot;Pixie-bob;samiec;Bastek;187;2010-11-28;10.6;3;25.4
46;Kot;Egipski mau;samica;Mia;344;2017-03-14;4.3;3.2;27.6
47;Pies;Owczarek szkocki krótkowłosy;samica;Mela;339;2020-03-29;1.3;21.3;52.9
48;Szczur;Wędrowny;samiec;Smolik ;154;2020-02-18;1.4;0.13;7.6
49;Pies;Samojed;samiec;Zyzio ;305;2014-04-20;7.2;27.7;57.2
50;Kot;Rosyjski niebieski;samica;Viola ;211;2010-06-24;11;6.8;32
51;Pies;Grzywacz chiński;samiec;Cypis;204;2008-05-03;13.2;5.3;23.6
52;Chomik;Syryjski;samiec;Ciapek;359;2019-01-27;2.4;0.23;6.5
53;Pies;Owczarek szkocki krótkowłosy;samica;Liza;314;2009-09-06;11.8;20.6;58.6
54;Pies;Dalmatyńczyk;samiec;Benek;341;2019-09-09;1.8;23.4;58.8
55;Kot;Japoński bobtail;samiec;Melman;82;2012-05-13;9.1;3.5;27.3
56;Pies;Husky syberyjski;samiec;Eko;17;2012-05-10;9.1;22.7;54.9
57;Kot;Maine coon;samica;Jenny ;377;2018-06-30;3;3.3;21.1
58;Pies;Husky syberyjski;samiec; Cezar;228;2020-04-24;1.2;25.3;50.9
59;Chomik;Dżungarski;samiec;Tymek;165;2018-10-12;2.7;0.13;4.9
60;Kot;Amerykański curl długowłosy;samiec;Jackson ;326;2014-10-30;6.7;4;30.4
61;Szczur;Wędrowny;samica;Ginger;109;2020-07-14;1;0.24;6.6
62;Pies;Buldog francuski;samiec;Niko;367;2013-01-05;8.5;11.8;32.5
63;Królik;Angora Biała;samiec;Mikser;291;2019-05-14;2.1;2.6;19.2
64;Kot;Japoński bobtail;samica;Krysia;310;2014-09-13;6.8;7.5;21.7
65;Pies;Bulterier;samiec;Batman ;338;2016-02-09;5.4;10.3;36.7
66;Kot;Syjamski;samica;Delma;344;2019-03-01;2.3;3.6;20.7
67;Chomik;Chiński;samica;Jelly ;212;2019-03-19;2.3;0.16;5.7
68;Pies;Bulterier;samica;Jagoda;248;2020-10-12;0.7;10.6;39.8
69;Kot;Egipski mau;samica;Wendy ;200;2014-09-08;6.8;5.6;22.8
70;Pies;Pudel;samica;Madonna;248;2014-03-25;7.3;16.8;52.8
71;Pies;Wyżeł włoski krótkowłosy;samiec;Wigor ;55;2009-11-18;11.6;27.3;60.6
72;Kot;Orientalny;samica;Furia ;259;2013-08-09;7.9;4.2;24.7
73;Królik;Belgijski olbrzym;samica;Mika;256;2018-08-30;2.8;2.6;19.8
74;Pies;Amerykański pitbulterier;samica;Emma;218;2014-07-14;7;14.4;49.2
75;Pies;Buldog amerykański;samiec;Richie;145;2014-09-08;6.8;55.3;59.5
76;Kot;Pixie-bob;samiec;Oskar;167;2016-11-22;4.6;7.6;28.7
77;Królik;Angielski baran;samica;Fela;126;2018-12-30;2.5;2.3;16.4
78;Kot;Chausie;samiec;Zgredek ;270;2020-02-05;1.4;3.5;27.5
79;Pies;Owczarek kataloński;samiec;Kaprys;23;2012-03-01;9.3;16.5;54.4
80;Kot;Birmański;samica;Hania;198;2019-01-31;2.4;7.3;23
81;Pies;Berneński pies pasterski;samica;Jessy ;25;2011-09-14;9.8;41;68.4
82;Szczur;Śniady;samica;Gapa;132;2020-07-12;1;0.31;7.5
83;Pies;Owczarek szkocki krótkowłosy;samica;Sara;76;2017-05-23;4.1;23;53.1
84;Kot;Pixie-bob;samiec;Smolik ;172;2017-09-24;3.8;5.6;25.5
85;Kot;Japoński bobtail;samica; Lola;283;2010-05-07;11.2;6.6;32.9
86;Kot;Burmilla;samiec;Kaktus ;8;2011-03-26;10.3;6.4;26.4
87;Kot;Pixie-bob;samiec;Misza;160;2014-07-13;7;5.7;22.7
88;Pies;Buldog francuski;samiec;Newton;369;2009-01-19;12.5;10.1;32.7
89;Pies;Samojed;samica; Elza;221;2019-05-13;2.1;25.3;58.3
90;Kot;Orientalny;samica;Izzy;262;2017-12-19;3.5;3.1;25.6
91;Pies;Bernardyn;samiec;Hades;191;2013-07-13;8;79.4;65.2
92;Pies;Buldog francuski;samica;Madonna;212;2012-09-01;8.8;9.5;30.9
93;Pies;Owczarek szkocki krótkowłosy;samica;Wiga;236;2017-04-17;4.2;18.1;56.2
94;Pies;Buldog amerykański;samica; Fuzja;297;2012-09-04;8.8;52.7;53.3
95;Kot;Syjamski;samiec;Helmut ;381;2014-02-10;7.4;4;25.4
96;Pies;Gończy polski;samiec;Rysiek ;300;2012-11-19;8.6;24.2;51.1
97;Pies;Terier australijski;samica;Diva;326;2010-05-27;11.1;4.2;21.4
98;Kot;Birmański;samica;Zebra;210;2017-08-12;3.9;5.3;30.7
99;Kot;Brytyjski krótkowłosy;samica;Marchewka;34;2016-11-14;4.6;6.2;25.4
100;Kot;Amerykański curl długowłosy;samiec; Kajtek;44;2010-04-08;11.2;6.4;26.3
101;Pies;Amerykański pitbulterier;samica;Hilda;184;2013-07-13;8;19.2;50.9
102;Pies;Alpejski gończy krótkonożny;samiec;Filip;366;2013-12-22;7.5;16.8;37.2
103;Kot;Chausie;samiec;Rocco;30;2020-02-14;1.4;4.6;28.1
104;Szczur;Śniady;samiec; Hektor;267;2019-07-19;2;0.29;6.5
105;Chomik;Dżungarski;samiec;Leon;318;2020-09-07;0.8;0.19;5.8
106;Pies;Owczarek portugalski;samiec;Gacek;380;2015-09-12;5.8;14.5;45.2
107;Mysz;Loczkowana;samica;Rzepka;81;2019-03-11;2.3;0.15;3.1
108;Chomik;Dżungarski;samica;Cynka ;367;2018-06-06;3.1;0.26;5.9
109;Pies;Buldog francuski;samiec;Cynamon ;164;2019-05-18;2.1;10.9;26.3
110;Kot;Burmilla;samiec;Nurek;289;2018-02-07;3.4;6;21.1
111;Pies;Owczarek szkocki krótkowłosy;samica;Opera;29;2018-05-25;3.1;18.3;51.4
112;Chomik;Dżungarski;samiec;Misza;56;2020-07-29;0.9;0.15;5.5
113;Pies;Owczarek kataloński;samica; Fibi;91;2017-11-02;3.7;16.8;50.2
114;Pies;Husky syberyjski;samiec;Klops;400;2008-11-25;12.6;26.4;50.3
115;Kot;Brytyjski krótkowłosy;samiec;Tymek;95;2018-05-27;3.1;5.8;30
116;Kot;Syjamski;samiec;Szajba;314;2017-02-21;4.4;4.8;21.6
117;Chomik;Syryjski;samiec; Kajtek;119;2018-09-26;2.8;0.18;4.6
118;Kot;Sfinks;samica;Opera;365;2013-09-01;7.8;4.4;25.4
119;Pies;Husky syberyjski;samica;Spinka;326;2016-02-14;5.4;23.8;52.9
120;Pies;Owczarek podhalański;samiec; Fuks;133;2011-08-02;9.9;53.7;66.3
121;Pies;Amerykański pitbulterier;samica;Lora;255;2009-10-10;11.7;25.7;43
122;Pies;Bulterier;samiec;Amigo ;24;2010-08-21;10.9;16.3;38.5
123;Pies;Pies chodzki;samica;Tora;257;2017-06-24;4;23.7;52
124;Pies;Mastif angielski;samica;Dusza;146;2012-11-20;8.6;92.4;77.3
125;Pies;Samojed;samica;Jolka;225;2009-06-14;12.1;26.1;56.7
126;Szczur;Śniady;samiec;Teddy;355;2020-09-18;0.8;0.32;6.1
127;Pies;Samojed;samiec;Amigo ;252;2014-02-23;7.4;28.4;52.4
128;Chomik;Zabajkalski;samiec;Tołdi;265;2020-03-18;1.3;0.17;5.4
129;Pies;Mastif angielski;samica;Meduza;359;2019-11-03;1.7;91.1;74.1
130;Pies;Samojed;samica; Saba;357;2009-07-05;12;26.3;58
131;Mysz;Krótkowłosa;samiec;Richie;356;2018-01-24;3.4;0.14;6
132;Pies;Jamnik;samica;Zuza;157;2017-04-06;4.2;7.4;25
133;Pies;Owczarek podhalański;samiec;Donald ;392;2009-08-24;11.9;55.9;69.9
134;Pies;Szpic niemiecki;samiec;Norbi;393;2018-11-02;2.7;26.5;51.2
135;Kot;Syjamski;samica;Atena;182;2011-06-27;10;4.4;32.8
136;Pies;Owczarek niemiecki;samica; Elza;220;2019-08-22;1.9;26.8;59.8
137;Kot;Brytyjski krótkowłosy;samiec;Jackson ;177;2019-09-19;1.8;7.1;27.9
138;Pies;Buldog amerykański;samica;Pusia;73;2017-05-24;4.1;39.4;55.2
139;Pies;Owczarek portugalski;samiec;Prosecco;368;2014-04-15;7.2;15.8;42.2
140;Pies;Alpejski gończy krótkonożny;samica;Iza;155;2018-01-30;3.4;18;36.8
141;Pies;Bulterier;samiec;Rysiek ;49;2014-05-22;7.1;13.2;40.3
142;Pies;Owczarek szkocki długowłosy;samiec; Hachi;296;2010-05-25;11.1;18.7;57.7
143;Pies;Owczarek szkocki długowłosy;samica; Bajka;240;2014-07-24;6.9;24.2;57.7
144;Kot;Burmilla;samica;Zumba ;133;2020-03-23;1.3;4.4;25
145;Pies;Owczarek kataloński;samica;Rainbow ;93;2015-11-22;5.6;17.2;52.5
146;Pies;Bokser;samiec;Leo;340;2020-07-06;1;26.8;55
147;Pies;Buldog amerykański;samiec; Ares;258;2012-02-16;9.4;36.5;51.7
148;Chomik;Dżungarski;samica;Zuza;98;2019-08-23;1.9;0.2;5
149;Kot;Amerykański curl długowłosy;samiec;Taco;116;2011-12-29;9.5;7.3;30.1
150;Pies;Amerykański pitbulterier;samica;Omega ;251;2020-11-07;0.6;23.4;43.4
151;Kot;Rosyjski niebieski;samica;Zośka;90;2016-05-25;5.1;7.1;26.5
152;Pies;Pies chodzki;samica; Luna;246;2016-03-24;5.3;22.6;48.1
153;Szczur;Wędrowny;samica;Gabi;239;2019-07-04;2;0.33;7.7
154;Pies;Owczarek kaukaski;samica;Goja ;317;2018-01-30;3.4;78.3;74
155;Pies;Mastif angielski;samica;Sara;75;2015-02-17;6.4;93.1;84.5
156;Kot;Amerykański curl długowłosy;samiec;Fidel;311;2015-10-07;5.7;4.9;22.3
157;Pies;Doberman;samica;Zumba ;142;2018-01-23;3.4;39.4;68
158;Mysz;Loczkowana;samiec;Felix;122;2018-10-02;2.7;0.16;4
159;Kot;Chausie;samica;Candy ;54;2013-01-19;8.4;5.8;30.1
160;Pies;Bulterier;samica;Chanel;122;2008-09-11;12.8;14.4;38.8
161;Szczur;Polinezyjski;samiec;Tytus;304;2020-08-09;0.9;0.24;7.1
162;Pies;Husky syberyjski;samica;Stella;126;2011-08-07;9.9;22.8;50.9
163;Pies;Bernardyn;samiec;Amigo ;272;2015-09-19;5.8;64.1;76.5
164;Pies;Husky syberyjski;samica;Emma;331;2019-11-01;1.7;25.7;52.7
165;Pies;Gończy węgierski;samiec;Norbi;10;2017-12-25;3.5;34.9;52.2
166;Kot;Syjamski;samiec;Kevin;238;2011-04-06;10.2;6.7;27
167;Kot;Birmański;samiec;Brutus;336;2012-06-15;9;4.6;22.5
168;Pies;Dalmatyńczyk;samica;Bunia;281;2011-05-24;10.1;24;55
169;Pies;Wyżeł duński;samica;Zośka;235;2014-10-07;6.7;30.3;52.7
170;Pies;Gończy węgierski;samiec;Papi;353;2011-07-15;10;33.8;52.3
171;Kot;Japoński bobtail;samiec;Samuraj ;259;2014-11-01;6.7;6.6;21.3
172;Pies;Owczarek kataloński;samica;Diva;0;2009-02-11;12.4;16.1;50.4
173;Pies;Berneński pies pasterski;samiec;Falafel;26;2013-02-20;8.4;58.8;63.8
174;Pies;Buldog amerykański;samiec;Imbir;77;2013-07-30;7.9;38.6;65.6
175;Kot;Rosyjski niebieski;samiec;Mango ;250;2015-06-05;6.1;6.5;23.8
176;Pies;Grzywacz chiński;samica;Idea;32;2016-06-09;5.1;4.7;27.9
177;Pies;Owczarek szkocki długowłosy;samiec;Iggy;362;2010-04-13;11.2;18.2;52.9
178;Pies;Terier australijski;samiec;Max;112;2011-09-08;9.8;6.7;20.6
179;Pies;Dog argentyński;samica;Fela;323;2020-06-22;1;42;61.9
180;Chomik;Dżungarski;samica; Gaja;71;2018-06-15;3;0.27;4
181;Chomik;Syryjski;samica;Mika;115;2018-10-23;2.7;0.28;6.7
182;Pies;Owczarek niemiecki;samiec;Ron ;321;2011-03-23;10.3;51.4;55.8
183;Pies;Cocker spaniel amerykański;samica; Lila;36;2014-01-20;7.4;9.1;36
184;Kot;Pixie-bob;samiec;Iwo;309;2020-10-05;0.7;6.9;20.2
185;Chomik;Dżungarski;samica;Trixie;161;2019-09-09;1.8;0.19;6.2
186;Pies;Cocker spaniel amerykański;samiec;Norbi;274;2014-07-15;7;8.7;39.5
187;Pies;Wyżeł włoski krótkowłosy;samiec;Noris;87;2017-02-25;4.3;32.6;60.3
188;Pies;Dalmatyńczyk;samica;Jelly ;249;2017-10-07;3.7;25.6;56.2
189;Pies;Cocker spaniel amerykański;samiec;Samson ;233;2009-07-22;11.9;8.3;37.5
190;Kot;Himalayan;samiec;Teddy;120;2016-02-11;5.4;5.9;27.7
191;Chomik;Syryjski;samica;Goldie;254;2018-10-02;2.7;0.17;5.2
192;Pies;Husky syberyjski;samica; Kala;141;2015-08-24;5.9;21.5;51.3
193;Pies;Gończy polski;samica; Nela;63;2020-09-08;0.8;24.7;52.9
194;Królik;Kalifornijski;samica;Selena ;237;2018-05-08;3.1;2.4;20
195;Mysz;Satynowa;samiec;Węgielek ;101;2020-03-09;1.3;0.14;3.8
196;Pies;Bernardyn;samica; Kesia;2;2008-06-17;13;94.3;81.4
197;Chomik;Chiński;samiec;Bandzior;291;2019-09-19;1.8;0.24;6.1
198;Pies;Grzywacz chiński;samiec;Iggy;237;2014-02-05;7.4;5.5;28
199;Kot;Korat;samica;Jula;342;2011-10-11;9.7;7.8;23.4
200;Szczur;Śniady;samiec;Andy ;33;2019-06-07;2.1;0.16;5.2
201;Pies;Owczarek niemiecki;samiec;Edi;320;2010-04-03;11.2;33.6;59.5
202;Kot;Brytyjski krótkowłosy;samica;Ciapka;176;2019-03-14;2.3;7.4;24.3
203;Szczur;Polinezyjski;samiec;Falafel;107;2019-09-05;1.8;0.2;6.5
204;Kot;Rosyjski niebieski;samica;Hilda;379;2017-01-05;4.5;4.5;20.5
205;Kot;Burmilla;samica;Rainbow ;70;2016-05-18;5.1;6.5;30.1
206;Pies;Cocker spaniel amerykański;samica;Zebra;194;2009-06-09;12.1;11.1;35.8
207;Pies;Cocker spaniel amerykański;samica;Kira;3;2019-06-03;2.1;10.3;37.9
208;Chomik;Syryjski;samica;Megi;156;2019-04-03;2.2;0.17;4.2
209;Pies;Owczarek kaukaski;samica;Kaja;136;2014-12-30;6.5;72.3;76
210;Mysz;Satynowa;samiec;Tulipan;142;2018-05-28;3.1;0.15;4
211;Pies;Alpejski gończy krótkonożny;samica;Lady;151;2017-10-06;3.7;17.5;37.3
212;Pies;Berneński pies pasterski;samiec;Urwis;401;2017-07-09;4;50.1;67.8
213;Kot;Doński sfinks;samiec;Teddy;320;2013-07-03;8;3.3;22.1
214;Mysz;Krótkowłosa;samiec;Znajdek ;173;2018-09-06;2.8;0.13;3.7
215;Mysz;Abisyńska;samica;Ines;193;2018-01-25;3.4;0.12;3.5
216;Pies;Cocker spaniel amerykański;samica;Gapa;27;2009-01-09;12.5;9.9;37.9
217;Pies;Dalmatyńczyk;samica;Duffy ;189;2009-04-10;12.2;22.1;55.2
218;Kot;Burmilla;samica;Emma;98;2013-09-06;7.8;3.6;31.3
219;Kot;Brytyjski krótkowłosy;samica;Fanka;294;2012-09-14;8.8;5.4;29.7
220;Królik;Belgijski olbrzym;samica;Holly;104;2020-01-21;1.4;3.1;19.5
221;Pies;Dalmatyńczyk;samica;Karma ;6;2013-08-08;7.9;25.8;57.4
222;Kot;Japoński bobtail;samica;Hela ;335;2018-01-24;3.4;4.7;23.4
223;Pies;Gończy polski;samica;Opera;132;2016-01-04;5.5;25.6;50.9
224;Kot;Egipski mau;samica;Rainbow ;118;2013-08-21;7.9;6;29.6
225;Kot;Burmilla;samiec;Szafran ;399;2017-07-20;3.9;5.4;29.5
226;Królik;Angielski baran;samiec;Puszek;92;2019-07-18;2;2.5;15.5
227;Pies;Owczarek szkocki długowłosy;samiec;Coco;29;2017-04-19;4.2;19.9;55.1
228;Kot;Himalayan;samiec;Węgielek ;81;2011-06-19;10;3.7;23.1
229;Pies;Samojed;samiec;Mamut ;393;2016-10-10;4.7;29;58.6
230;Pies;Doberman;samiec;Astro;212;2020-12-16;0.5;39.1;66.2
231;Kot;Perski;samiec;Nurek;168;2012-08-09;8.9;5.1;24
232;Pies;Szpic niemiecki;samica; Nuka;12;2019-10-11;1.7;24.5;49.8
233;Kot;Tonkijski;samiec;Zodiak ;327;2013-12-18;7.5;6.7;24.4
234;Pies;Bokser;samica;Bunia;364;2020-01-12;1.5;25.2;62.9
235;Chomik;Zabajkalski;samiec;Homer;394;2019-06-08;2.1;0.18;4.9
236;Pies;Pudel;samiec;Irys;96;2019-09-17;1.8;17.3;48.7
237;Pies;Owczarek niemiecki;samiec;Andy ;325;2016-06-22;5;26.2;59.2
238;Kot;Amerykański curl długowłosy;samiec;Oskar;44;2018-11-18;2.6;7.8;32.2
239;Pies;Owczarek portugalski;samica;Mia;42;2012-02-29;9.3;14.9;42.5
240;Chomik;Chiński;samiec;Puszek;304;2020-07-16;1;0.16;6.5
241;Pies;Pudel;samiec;Albert ;286;2016-08-09;4.9;15.7;53.1
242;Chomik;Syryjski;samica;Sweety ;249;2018-02-13;3.4;0.27;6.1
243;Mysz;Krótkowłosa;samica;Furia ;326;2018-10-05;2.7;0.16;4.6
244;Pies;Alpejski gończy krótkonożny;samiec;Hades;301;2012-10-01;8.8;15.6;36.4
245;Pies;Cocker spaniel amerykański;samiec;Sherlock;59;2014-06-30;7;9.8;36.1
246;Pies;Samojed;samiec;Fidel;35;2010-07-26;10.9;25.2;53.8
247;Kot;Orientalny;samica;Jolka;51;2015-05-24;6.1;5.5;22.3
248;Mysz;Abisyńska;samiec; Roki;38;2019-07-03;2;0.11;4.3
249;Pies;Pudel;samica;Zebra;350;2017-08-24;3.9;27.4;53.5
250;Królik;Mały baran;samiec;Witek ;4;2018-01-26;3.4;2.8;16.4
251;Kot;Egipski mau;samiec;Mamut ;298;2011-11-06;9.7;7.8;25.8
252;Pies;Bokser;samiec;Mikser;218;2015-06-04;6.1;28.4;61
253;Mysz;Abisyńska;samiec;Nurek;250;2019-03-12;2.3;0.17;4.3
254;Kot;Sfinks;samiec;Nick;175;2011-05-19;10.1;6.4;26.6
255;Pies;Grzywacz chiński;samica;Omega ;288;2017-02-20;4.4;4.3;29.1
256;Kot;Egipski mau;samiec;Izaak;330;2014-11-09;6.6;4;20.3
257;Pies;Grzywacz chiński;samica;Furia ;70;2017-08-08;3.9;5.8;30.8
258;Pies;Owczarek podhalański;samica;Carmen;120;2010-10-04;10.7;50.8;65.1
259;Kot;Perski;samiec;Norbi;103;2020-07-28;0.9;6;21.2
260;Mysz;Długowłosa;samiec;Tiger;348;2020-04-05;1.2;0.15;3.9
261;Pies;Doberman;samiec;Apollo;148;2019-11-13;1.6;38.9;68.9
262;Kot;Egipski mau;samiec;Snow;393;2013-02-18;8.4;4.1;23
263;Pies;Wyżeł włoski krótkowłosy;samiec;Snickers;290;2015-07-22;5.9;28.7;55.1
264;Pies;Szpic niemiecki;samiec;Dalton ;227;2017-10-17;3.7;25.9;53.5
265;Kot;Japoński bobtail;samica;Doris;146;2018-05-16;3.1;3.9;23.1
266;Chomik;Chiński;samiec;Noris;349;2018-08-20;2.9;0.16;4.7
267;Pies;Berneński pies pasterski;samica;Fanka;341;2013-05-05;8.2;47.4;69.6
268;Chomik;Chiński;samiec;Bandzior;352;2019-02-07;2.4;0.29;4.5
269;Pies;Owczarek szkocki długowłosy;samiec;Mango ;106;2017-07-02;4;20.1;59.7
270;Kot;Pixie-bob;samica;Kira;392;2014-12-27;6.5;3.5;24.7
271;Kot;Birmański;samica;Scarlet ;125;2010-07-03;11;6.7;21.6
272;Pies;Owczarek szkocki krótkowłosy;samica;Gracja;341;2018-05-17;3.1;22.1;54.5
273;Szczur;Śniady;samica;Euforia;160;2020-09-19;0.8;0.15;5.1
274;Pies;Wyżeł duński;samica;Julietta;143;2017-08-02;3.9;26.7;58.5
275;Pies;Wyżeł duński;samica;Osa;20;2014-06-03;7.1;29.1;59.8
276;Kot;Syjamski;samiec;Olivier;350;2017-05-20;4.1;6.1;26.9
277;Mysz;Abisyńska;samica;Ofelia;288;2019-09-14;1.8;0.19;3.7
278;Pies;Owczarek kataloński;samica;Kelly ;253;2013-12-31;7.5;16.5;52
279;Pies;Wyżeł włoski krótkowłosy;samica;Czasia;26;2010-03-06;11.3;37.4;66.4
280;Królik;Angora Biała;samiec;Max;1;2019-07-28;1.9;3.5;18.3
281;Kot;Sfinks;samiec;Ciapek;230;2013-10-03;7.7;3.3;22.7
282;Pies;Samojed;samica;Apolonia;307;2011-08-15;9.9;26.9;52.8
283;Pies;Dalmatyńczyk;samiec;Gapcio;55;2014-11-08;6.6;25.1;60.4
284;Pies;Buldog amerykański;samiec;Nick;68;2009-02-04;12.4;52.9;57.6
285;Pies;Bernardyn;samiec;Homer;261;2015-07-19;6;69.2;68.8
286;Pies;Owczarek szkocki długowłosy;samiec;Gustaw;65;2019-06-01;2.1;18.7;55.6
287;Pies;Buldog amerykański;samiec;Guzik;346;2015-11-17;5.6;45.6;64.2
288;Pies;Grzywacz chiński;samiec;Rocco;302;2019-05-06;2.2;5.7;29.2
289;Szczur;Wędrowny;samiec;Nobel;397;2018-11-17;2.6;0.25;7.2
290;Pies;Husky syberyjski;samica;Edyta;351;2013-05-04;8.2;20.7;55.7
291;Kot;Japoński bobtail;samica; Tina;76;2010-01-31;11.4;4.8;30.5
292;Kot;Brytyjski krótkowłosy;samiec; Riko;73;2015-06-21;6;4.1;24.3
293;Pies;Dog argentyński;samiec;Leo;131;2009-08-15;11.9;43.7;65
294;Kot;Perski;samiec;Exel;114;2010-07-20;11;3.7;21.4
295;Mysz;Satynowa;samica;Iza;218;2019-03-24;2.3;0.18;4.8
296;Kot;Korat;samica;Tosia;170;2010-06-09;11.1;3.3;24.6
297;Królik;Popielański biały;samica;Igła;21;2018-12-11;2.6;3.6;19.8
298;Pies;Buldog francuski;samiec;Oli ;311;2016-07-10;5;12.9;30.6
299;Królik;Angielski baran;samica;Nutella;333;2018-09-01;2.8;3.3;15.8
300;Kot;Tonkijski;samiec;Urwis;4;2020-10-20;0.7;7.7;23.9
301;Chomik;Zabajkalski;samica;Kleo;103;2020-08-28;0.8;0.1;4.2
302;Kot;Brytyjski krótkowłosy;samica;Delma;166;2015-05-22;6.1;6.2;31.4
303;Królik;Mały baran;samiec;Felix;158;2018-06-05;3.1;2.3;17.3
304;Pies;Owczarek podhalański;samica;Zdrapka;305;2008-04-27;13.2;48.1;60.1
305;Pies;Dalmatyńczyk;samiec;Harold;13;2009-11-19;11.6;24.7;60.3
306;Pies;Mastif angielski;samica;Kelly ;154;2013-09-28;7.8;86.7;74.2
307;Pies;Terier australijski;samica;Delma;100;2010-01-07;11.5;4.2;21.8
308;Pies;Berneński pies pasterski;samica;Amelia ;389;2013-01-13;8.5;59.9;68.5
309;Kot;Orientalny;samica; Kesia;134;2012-12-25;8.5;7.2;24.5
310;Pies;Bulterier;samica;Hania;9;2015-07-01;6;17.6;36
311;Królik;Popielański biały;samica;Kropka;88;2018-04-02;3.2;3.3;19.3
312;Pies;Buldog francuski;samica;Mery;223;2010-02-20;11.4;11.8;32.9
313;Szczur;Wędrowny;samiec;Papi;67;2020-01-31;1.4;0.23;7.5
314;Pies;Pekińczyk;samica;Flora;351;2020-12-09;0.6;4;15
315;Pies;Buldog amerykański;samica;Nadia;313;2016-01-31;5.4;64.7;56.5
316;Pies;Bulterier;samiec;Oreo;266;2011-10-06;9.7;17.7;35.4
317;Pies;Doberman;samiec;Teddy;367;2013-05-11;8.1;39.9;67.3
318;Kot;Doński sfinks;samica;Helga;293;2012-05-18;9.1;5.3;24.8
319;Kot;Burmilla;samica;Suzi ;238;2017-07-31;3.9;6.1;28.8
320;Pies;Doberman;samica;Rybka;320;2015-11-21;5.6;44.6;67.9
321;Pies;Doberman;samiec;Cypis;45;2011-07-05;10;41.8;64.6
322;Królik;Kalifornijski;samiec;Teddy;370;2020-12-04;0.6;3;15.7
323;Kot;Burmilla;samica;Goldie;384;2019-05-08;2.1;7.9;20.2
324;Pies;Mastif angielski;samiec;Gapcio;268;2018-03-01;3.3;90.7;70.5
325;Królik;Popielański biały;samiec;Maks;335;2019-02-07;2.4;2.7;18.6
326;Kot;Korat;samiec;Puszek;362;2020-04-25;1.2;7.6;29.2
327;Kot;Japoński bobtail;samica;Selena ;249;2010-11-25;10.6;5.8;25.2
328;Pies;Buldog francuski;samiec;Wigor ;308;2020-01-22;1.4;12.1;34.5
329;Pies;Bokser;samiec;Merlin ;202;2015-11-13;5.6;27.4;56.1
330;Pies;Owczarek szkocki długowłosy;samica;Lawenda;258;2018-02-10;3.4;20.1;60.2
331;Pies;Alpejski gończy krótkonożny;samiec;Atlas;295;2018-09-04;2.8;17.1;36.3
332;Kot;Maine coon;samica;Złotówka;83;2017-03-02;4.3;6.1;30.9
333;Kot;Brytyjski długowłosy;samica;Wespa;128;2017-11-12;3.6;3.3;23
334;Chomik;Syryjski;samiec;Całus;215;2020-01-01;1.5;0.16;5.3
335;Pies;Gończy węgierski;samica;Macy;136;2012-11-23;8.6;34;54.1
336;Pies;Owczarek szkocki długowłosy;samiec; Pimpek;289;2009-12-28;11.5;20.6;59.9
337;Pies;Owczarek niemiecki;samica;Opera;5;2015-07-15;6;30.1;57.6
338;Pies;Mastif angielski;samiec;Chester;358;2010-10-11;10.7;79.6;89.3
339;Pies;Gończy polski;samica;Izzy;200;2010-02-21;11.4;25.5;51
340;Chomik;Dżungarski;samiec;Batman ;207;2020-02-23;1.4;0.24;4.7
341;Pies;Pekińczyk;samiec;Całus;354;2016-05-06;5.2;3.1;17.4
342;Kot;Korat;samica;Chelsea;340;2020-06-01;1.1;4.9;27
343;Pies;Pekińczyk;samica;Ciapka;306;2008-10-24;12.7;3.2;19
344;Pies;Husky syberyjski;samiec;Snow;74;2017-06-28;4;24.7;51.6
345;Pies;Dalmatyńczyk;samiec; Fuks;84;2009-08-19;11.9;26;60.7
346;Mysz;Satynowa;samica;Carmen;244;2020-11-04;0.7;0.14;5.4
347;Pies;Jamnik;samica;Daisy;240;2013-04-01;8.3;7.4;24.8
348;Pies;Husky syberyjski;samiec; Laki;181;2020-06-13;1;26.1;51.7
349;Kot;Sfinks;samica;Wika;206;2011-07-18;10;5.6;23.5
350;Kot;Maine coon;samica;Coco;153;2014-03-28;7.3;3.9;30.9
351;Kot;Orientalny;samiec;Kaprys;178;2011-06-07;10.1;7.4;21.5
352;Chomik;Chiński;samiec;Turbo;213;2020-12-27;0.5;0.13;6.7
353;Pies;Jamnik;samiec;Shrek;60;2013-04-13;8.2;5.7;22.2
354;Kot;Japoński bobtail;samica; Lila;85;2016-03-11;5.3;4.8;32.7
355;Mysz;Długowłosa;samiec;Łatek;329;2018-07-18;3;0.15;5.6
356;Pies;Owczarek portugalski;samiec;Dukat ;253;2011-05-14;10.1;13.5;47.3
357;Pies;Wyżeł włoski krótkowłosy;samiec;Cezar;239;2008-06-05;13.1;25.4;57.7
358;Pies;Doberman;samiec;Kevin;126;2011-02-18;10.4;35.9;66.9
359;Kot;Japoński bobtail;samiec;Urwis;220;2018-10-15;2.7;8;22.2
360;Kot;Burmilla;samiec;Albert ;345;2017-09-05;3.8;5.9;26
361;Pies;Husky syberyjski;samica;Zośka;395;2018-10-12;2.7;22.4;54.2
362;Pies;Owczarek szkocki krótkowłosy;samica;Apolonia;41;2012-10-29;8.7;24.4;53.5
363;Pies;Husky syberyjski;samiec;Uszatek;287;2012-06-22;9;23.9;51
364;Pies;Berneński pies pasterski;samiec;Iggy;387;2011-04-29;10.2;41.8;63.5
365;Kot;Birmański;samiec;Mamut ;310;2020-11-03;0.7;5.8;23.1
366;Pies;Pudel;samiec;Rico;95;2011-07-18;10;24.5;47.4
367;Królik;Popielański biały;samica;Tosia;395;2018-01-01;3.5;3.6;17.4
368;Pies;Owczarek podhalański;samica;Trusia;160;2012-05-19;9.1;58.8;61.6
369;Kot;Pixie-bob;samiec;Tulipan;171;2014-08-24;6.9;6.5;23.8
370;Pies;Bokser;samiec;Tiger;352;2012-10-17;8.7;26.2;54.7
371;Kot;Sfinks;samiec; Laki;210;2019-06-20;2;4.4;30.9
372;Kot;Syjamski;samiec;Picasso;292;2012-09-20;8.8;4.6;23
373;Pies;Alpejski gończy krótkonożny;samiec;Kuba;175;2016-11-23;4.6;15.4;36.8
374;Królik;Angielski baran;samica;Wendy ;203;2018-06-03;3.1;2.5;16.4
375;Kot;Perski;samiec;Nero;73;2014-07-13;7;7.6;32.9
376;Pies;Wyżeł duński;samiec;Dymek;238;2009-04-02;12.3;27.4;52.2
377;Kot;Maine coon;samica;Marcysia ;190;2019-12-18;1.5;3.5;24.8
378;Pies;Gończy polski;samica;Lawenda;93;2017-06-29;4;22.1;52.9
379;Pies;Gończy węgierski;samica;Daisy ;82;2016-08-15;4.9;32.1;51.7
380;Pies;Doberman;samica;Uncja ;53;2014-05-31;7.1;43.7;66.7
381;Pies;Owczarek szkocki długowłosy;samiec;Gucio;209;2010-10-24;10.7;20.7;58.4
382;Szczur;Śniady;samica;Zośka;307;2020-11-01;0.7;0.3;6.4
383;Pies;Owczarek niemiecki;samiec;Toster;182;2014-09-15;6.8;53.4;59.2
384;Chomik;Dżungarski;samiec;Hamburger;338;2020-05-26;1.1;0.17;4.8
385;Pies;Bulterier;samiec;Hugo ;210;2010-12-30;10.5;17.3;41.3
386;Kot;Birmański;samica;Chanel;150;2020-09-29;0.8;4.9;24.5
387;Kot;Chausie;samica;Zebra;334;2013-05-23;8.1;6.4;28.5
388;Kot;Brytyjski krótkowłosy;samica;Amelia ;362;2017-06-10;4.1;6.9;24.7
389;Pies;Bernardyn;samica;Polly ;74;2008-08-23;12.9;93.5;81
390;Kot;Tonkijski;samica;Jelly ;157;2019-01-07;2.5;3.2;29.5
391;Pies;Szpic niemiecki;samica;Kropka;149;2014-06-11;7.1;25.5;52.8
392;Pies;Owczarek niemiecki;samica;Suzi ;159;2018-01-27;3.4;46.9;62.3
393;Pies;Mastif angielski;samiec;Teddy;398;2008-12-04;12.6;93.4;81.6
394;Mysz;Satynowa;samica;Ida;63;2018-05-10;3.1;0.12;5.9
395;Pies;Owczarek niemiecki;samiec;Łatek;386;2017-03-02;4.3;39.4;58
396;Kot;Brytyjski długowłosy;samiec;Niko;197;2016-02-20;5.4;5.2;21.6
397;Kot;Syjamski;samiec;Maniek;110;2011-06-06;10.1;6.5;31.2
398;Kot;Burmilla;samiec;Dalton ;316;2017-08-03;3.9;7.8;31.6
399;Pies;Berneński pies pasterski;samica; Saba;111;2011-02-19;10.4;54.6;63
400;Mysz;Krótkowłosa;samiec;Kosmo;162;2020-08-29;0.8;0.13;4
401;Pies;Owczarek kaukaski;samiec;Imbir;174;2008-08-25;12.9;59.1;68.5
402;Szczur;Wędrowny;samiec;Gucci;236;2020-06-22;1;0.24;7.4
403;Mysz;Długowłosa;samiec; Biszkopt;368;2019-10-04;1.7;0.18;4.1
404;Pies;Gończy węgierski;samica;Feta;396;2012-01-18;9.5;30.2;54.1
405;Królik;Kalifornijski;samica;Sweety ;257;2019-01-23;2.4;3.2;19.2
406;Chomik;Syryjski;samica;Rysia;220;2019-08-23;1.9;0.29;5.7
407;Pies;Owczarek podhalański;samica;Duffy ;280;2009-07-09;12;49.6;68.9
408;Pies;Buldog amerykański;samica;Candy ;19;2019-05-13;2.1;55.5;67
409;Pies;Owczarek szkocki krótkowłosy;samiec;Sherlock;91;2009-08-02;11.9;24.9;57.1
410;Królik;Mały baran;samica;Holly;15;2020-03-03;1.3;2.1;19
411;Królik;Angora Biała;samiec; Laki;35;2020-02-12;1.4;3.4;16.9
412;Kot;Brytyjski krótkowłosy;samica;Ruda ;205;2011-02-02;10.4;3.1;24.4
413;Pies;Bokser;samica;Cola;98;2013-04-13;8.2;27.4;58.6
414;Kot;Birmański;samica;Rysia;375;2017-04-23;4.2;4;21.3
415;Pies;Jamnik;samiec;Edi;32;2014-06-27;7;7.4;21.4
416;Chomik;Dżungarski;samiec;Łatek;79;2018-03-06;3.3;0.18;6.4
417;Pies;Bernardyn;samiec;Eko;393;2010-04-12;11.2;75.1;71.2
418;Pies;Pekińczyk;samica;Kama;377;2015-08-09;5.9;5;17.3
419;Królik;Belgijski olbrzym;samica;Gapa;145;2018-06-14;3;2.2;16.4
420;Pies;Dalmatyńczyk;samiec;Uno;69;2008-09-20;12.8;25.6;60.9
421;Pies;Dog argentyński;samiec;Teddy;177;2020-08-27;0.8;44.1;63.4
422;Pies;Husky syberyjski;samica;Tosia;374;2010-10-26;10.7;25.6;54.8
423;Królik;Mały baran;samica;Kulka ;152;2020-02-16;1.4;2.4;18.7
424;Pies;Bokser;samica;Kleo;80;2020-03-17;1.3;27.9;58.2
425;Pies;Owczarek kataloński;samica;Fretka;67;2011-06-13;10.1;16.7;55
426;Kot;Korat;samica;Atena;254;2014-09-08;6.8;5.6;24.8
427;Kot;Chausie;samiec;Dolar;209;2020-07-31;0.9;4.6;25.2
428;Pies;Wyżeł duński;samiec;Bursztyn ;321;2017-09-14;3.8;29.5;53.4
429;Kot;Burmilla;samiec;Albert ;74;2011-04-03;10.2;5.8;25.4
430;Kot;Perski;samica;Sara;246;2012-09-25;8.8;4.6;22.3
431;Kot;Doński sfinks;samiec; Bruno;47;2017-01-15;4.5;4.8;29.6
432;Pies;Jamnik;samiec;Smolik ;161;2012-11-08;8.6;7.2;18.3
433;Kot;Japoński bobtail;samiec;Romeo;6;2020-12-21;0.5;6.1;20.9
434;Pies;Owczarek portugalski;samiec;Stich ;155;2015-04-24;6.2;14.3;44.3
435;Pies;Doberman;samiec;Samuraj ;140;2013-08-16;7.9;37.2;71.5
436;Pies;Owczarek portugalski;samica;Gerda;62;2010-11-24;10.6;13.6;42.8
437;Kot;Doński sfinks;samica; Lola;184;2017-10-22;3.7;7.4;24.7
438;Kot;Brytyjski długowłosy;samica;Viola ;263;2018-10-20;2.7;4.1;25.2
439;Kot;Doński sfinks;samica; Roxi;124;2017-04-08;4.2;5.6;30.7
440;Pies;Buldog amerykański;samiec;Mikser;135;2012-05-17;9.1;60.7;63
441;Kot;Syjamski;samiec;Alex;158;2016-04-07;5.2;7;30.5
442;Kot;Egipski mau;samica;Wiśnia;39;2020-01-08;1.5;5.2;21.4
443;Szczur;Polinezyjski;samica;Omega ;104;2019-02-09;2.4;0.34;5.2
444;Chomik;Zabajkalski;samica;Sweety ;283;2020-10-06;0.7;0.16;6.1
445;Pies;Husky syberyjski;samica;Tosia;359;2012-10-23;8.7;22.8;55.8
446;Szczur;Wędrowny;samica;Nutella;394;2020-08-30;0.8;0.37;5.4
447;Królik;Angielski baran;samiec;Nemo;148;2018-02-03;3.4;3.4;17.5
448;Pies;Bernardyn;samica;Gabi;28;2015-02-12;6.4;97.8;71.8
449;Pies;Cocker spaniel amerykański;samiec; Laki;201;2008-07-26;12.9;8.8;38.7
450;Pies;Husky syberyjski;samica;Euforia;152;2016-04-19;5.2;19.9;50.5
451;Kot;Orientalny;samiec;Uno;363;2015-06-15;6;6.2;28.7
452;Pies;Bokser;samica;Sweety ;87;2011-12-23;9.5;29.6;54.9
453;Kot;Japoński bobtail;samica;Tania;244;2016-10-07;4.7;5.5;30.5
454;Kot;Brytyjski krótkowłosy;samiec;Cypis;380;2015-06-03;6.1;3.6;23.7
455;Chomik;Zabajkalski;samiec;Alex;328;2019-05-03;2.2;0.21;5.7
456;Pies;Amerykański pitbulterier;samica;Ciri;195;2010-07-07;11;19.6;52.1
457;Szczur;Wędrowny;samiec;Imbir;371;2019-04-15;2.2;0.28;6.7
458;Mysz;Abisyńska;samica; Sisi;263;2020-05-28;1.1;0.15;5.5
459;Pies;Pies chodzki;samiec;Klops;390;2019-01-01;2.5;17.2;48.4
460;Kot;Rosyjski niebieski;samica;Fanka;333;2014-05-08;7.2;7.6;32.9
461;Kot;Orientalny;samiec;Zack ;390;2018-06-28;3;6;29.3
462;Pies;Owczarek portugalski;samiec;Homer;253;2013-04-08;8.2;17;43.3
463;Pies;Grzywacz chiński;samica;Selena ;137;2008-02-24;13.4;5.9;30
464;Szczur;Polinezyjski;samica;Marcysia ;48;2019-12-24;1.5;0.37;7.5
465;Pies;Owczarek podhalański;samica;Kama;111;2013-06-24;8;49.1;64.6
466;Pies;Bernardyn;samica;Coffee;131;2020-09-01;0.8;59.7;73.4
467;Kot;Amerykański curl długowłosy;samiec; Ares;384;2011-02-13;10.4;4.3;29.4
468;Pies;Gończy węgierski;samica; Fuzja;113;2016-09-29;4.8;33.4;53.8
469;Mysz;Satynowa;samica;Jelly ;118;2019-03-26;2.3;0.11;5.5
470;Pies;Pekińczyk;samica;Bryza;14;2020-11-06;0.6;4.3;15.2
471;Chomik;Dżungarski;samica;Lawenda;169;2019-06-25;2;0.23;5.7
472;Kot;Chausie;samica;Macy;180;2020-05-15;1.1;5.6;27.2
473;Pies;Husky syberyjski;samica; Sisi;384;2019-07-14;2;18.4;51
474;Kot;Tonkijski;samiec;Kaktus ;171;2013-01-30;8.4;4.2;21.7
475;Pies;Gończy polski;samiec;Samson ;301;2018-07-09;3;25.7;51.1
476;Królik;Angora Biała;samica;Goja ;268;2020-11-04;0.7;3.8;17.1
477;Kot;Pixie-bob;samica; Bajka;44;2014-06-17;7;7.3;20.9
478;Pies;Buldog francuski;samiec;Kevin;210;2012-06-22;9;11.2;30.7
479;Pies;Alpejski gończy krótkonożny;samiec;Hugo ;285;2010-04-24;11.2;16.9;37.8
480;Pies;Pudel;samiec;Klops;242;2018-09-18;2.8;24.8;49.8
481;Pies;Buldog amerykański;samica;Gafa;279;2014-07-22;6.9;32.3;51.7
482;Kot;Rosyjski niebieski;samica;Demi;359;2015-08-13;5.9;5.9;29.1
483;Kot;Korat;samica;Zośka;339;2018-09-17;2.8;7.1;30.6
484;Pies;Buldog francuski;samica;Milka;128;2009-03-30;12.3;13.6;30.8
485;Pies;Wyżeł duński;samica;Fanka;322;2014-05-25;7.1;26.4;51.4
486;Kot;Japoński bobtail;samica;Omega ;179;2016-06-23;5;3.4;20.7
487;Szczur;Polinezyjski;samica;Carmen;202;2020-07-10;1;0.31;5.5
488;Kot;Chausie;samica;Stella;52;2019-02-26;2.3;5.9;31.3
489;Kot;Rosyjski niebieski;samiec;Urwis;293;2016-01-06;5.5;6.7;24.3
490;Pies;Bulterier;samiec;Imbir;172;2014-11-23;6.6;13.5;44.3
491;Kot;Brytyjski długowłosy;samica;Gwiazda;107;2010-12-12;10.6;5.8;25.2
492;Kot;Maine coon;samica;Coco;201;2012-05-25;9.1;7.1;28.4
493;Pies;Wyżeł włoski krótkowłosy;samiec;Dymek;199;2019-05-18;2.1;25.3;57.2
494;Kot;Pixie-bob;samiec;Ronald;168;2016-01-12;5.5;7.8;26.2
495;Chomik;Chiński;samiec;Ozzy;216;2019-12-13;1.5;0.11;4.3
496;Pies;Pudel;samiec;Niko;50;2017-06-24;4;19.4;47
497;Pies;Pudel;samica;Lawenda;23;2012-01-30;9.4;27.6;45.6
498;Szczur;Śniady;samiec;Bongo;303;2019-06-01;2.1;0.23;5.1
499;Pies;Gończy węgierski;samica; Fiona;360;2009-06-30;12;32.2;51.7
500;Pies;Buldog amerykański;samica;Jessy ;319;2016-12-02;4.6;57.2;58.4
501;Kot;Pixie-bob;samiec;Eliot ;141;2019-05-05;2.2;5.7;20.2
502;Pies;Owczarek podhalański;samica;Chelsea;371;2017-12-27;3.5;56.5;66.1
503;Szczur;Śniady;samiec; Fuks;59;2018-08-31;2.8;0.16;5.9
504;Pies;Buldog amerykański;samiec;Bastek;310;2015-07-06;6;53.9;59.4
505;Kot;Himalayan;samiec;Batman ;11;2016-06-23;5;6.5;32.3
506;Pies;Dalmatyńczyk;samiec;Samson ;361;2014-09-27;6.8;22.8;56.7
507;Szczur;Polinezyjski;samiec;Merlin ;214;2020-01-05;1.5;0.38;5.7
508;Mysz;Krótkowłosa;samica;Muffinka;260;2018-06-21;3;0.15;3.1
509;Mysz;Długowłosa;samiec;Nemo;278;2019-02-19;2.4;0.14;3.6
510;Pies;Owczarek podhalański;samiec; Hachi;129;2014-06-13;7.1;49.2;68.7
511;Szczur;Wędrowny;samiec;Dymek;353;2019-06-21;2;0.2;7.4
512;Pies;Gończy węgierski;samiec;Teo;344;2014-08-15;6.9;32.7;52.3
513;Kot;Perski;samica;Helga;187;2015-04-22;6.2;6.2;22.4
514;Pies;Alpejski gończy krótkonożny;samiec;Eko;237;2011-05-14;10.1;17.7;36.1
515;Pies;Gończy polski;samiec; Riko;173;2013-02-06;8.4;24.3;50.8
516;Pies;Buldog francuski;samica; Luka;313;2014-05-25;7.1;8.9;25
517;Mysz;Długowłosa;samica;Salma;117;2019-09-19;1.8;0.1;4.2
518;Pies;Owczarek szkocki krótkowłosy;samica;Pola ;351;2011-09-18;9.8;19.2;55.9
519;Pies;Jamnik;samiec;Max;245;2013-10-09;7.7;5.8;23.2
520;Pies;Buldog francuski;samica;Kama;378;2017-10-02;3.7;11;29
521;Pies;Bokser;samiec;Picasso;243;2013-07-27;7.9;29.2;62.7
522;Kot;Doński sfinks;samiec;Cynamon ;271;2012-04-12;9.2;7.2;27.2
523;Pies;Owczarek portugalski;samica;Rainbow ;295;2008-04-27;13.2;16.4;40.9
524;Pies;Bulterier;samica;Jadzia;284;2019-06-22;2;13.9;38.3
525;Pies;Dog argentyński;samica;Mika;312;2014-08-23;6.9;43;64.9
526;Chomik;Chiński;samiec;Axel;305;2018-04-02;3.2;0.26;7
527;Kot;Brytyjski krótkowłosy;samiec;Exel;149;2016-05-21;5.1;5.3;28.6
528;Kot;Korat;samiec; Docent;212;2016-01-05;5.5;3.5;27.1
529;Mysz;Satynowa;samiec;Smolik ;376;2019-03-08;2.3;0.13;3.4
530;Pies;Pekińczyk;samica;Nadia;57;2016-01-14;5.5;5.4;15.3
531;Królik;Mały baran;samica;Inka;37;2020-07-20;0.9;2.9;16
532;Kot;Amerykański curl długowłosy;samiec;Borys;105;2010-04-01;11.3;4.6;32.7
533;Pies;Pies chodzki;samica;Tami ;325;2012-05-08;9.2;24.4;48.3
534;Pies;Amerykański pitbulterier;samica;Daisy ;12;2016-09-14;4.8;16.9;51.7
535;Pies;Husky syberyjski;samiec;Karmel;64;2010-10-09;10.7;23.1;55.4
536;Kot;Japoński bobtail;samica;Goja ;112;2017-08-27;3.8;7.8;29.1
537;Kot;Japoński bobtail;samica;Euforia;337;2020-04-07;1.2;4.3;21
538;Pies;Berneński pies pasterski;samiec; Charli;42;2017-08-20;3.9;54.1;68.8
539;Pies;Dog argentyński;samiec;Zodiak ;264;2013-07-18;8;41;66.1
540;Kot;Amerykański curl długowłosy;samica;Tania;347;2015-03-02;6.3;4;29.4
541;Pies;Doberman;samica;Goldie;372;2012-07-27;8.9;41.3;67.7
542;Kot;Himalayan;samica;Ines;154;2020-10-03;0.7;3.7;20.1
543;Kot;Birmański;samiec;Newton;269;2015-12-20;5.5;5.4;23.9
544;Pies;Owczarek kataloński;samiec; Fuks;61;2011-06-19;10;17.9;52.4
545;Pies;Pekińczyk;samiec;Axel;89;2009-05-07;12.2;4.6;18
546;Kot;Himalayan;samica;Wiśnia;94;2018-08-03;2.9;5.7;31.9
547;Kot;Orientalny;samiec;Amor;174;2010-03-16;11.3;4.5;27.9
548;Pies;Bokser;samiec;Niko;99;2008-12-29;12.5;27.9;53.4
549;Pies;Dog argentyński;samica;Gapa;78;2008-09-06;12.8;41.2;63.7
550;Królik;Popielański biały;samica; Elza;66;2018-11-29;2.6;2.3;17.8
551;Kot;Tonkijski;samica;Jula;114;2010-06-20;11;4.4;23.7
552;Chomik;Zabajkalski;samica;Gerda;208;2019-06-22;2;0.13;4.2
553;Kot;Chausie;samica;Fela;211;2017-09-22;3.8;6.3;21.4
554;Pies;Doberman;samica;Macy;183;2010-03-16;11.3;39.8;69
555;Chomik;Chiński;samica;Zuza;107;2019-08-02;1.9;0.15;4.1
556;Chomik;Dżungarski;samica;Diva;65;2019-08-18;1.9;0.15;7
557;Pies;Owczarek szkocki długowłosy;samiec;Samson ;282;2014-12-11;6.6;20.7;59.8
558;Kot;Orientalny;samiec;Uszatek;107;2013-09-29;7.8;6;22.1
559;Szczur;Polinezyjski;samiec;Zyzio ;241;2020-11-03;0.7;0.38;6.2
560;Pies;Bokser;samiec;Bastek;289;2011-12-23;9.5;26.7;56.4
561;Szczur;Śniady;samiec;Urwis;391;2018-05-23;3.1;0.26;5.2
562;Królik;Angora Biała;samica;Tora;300;2020-09-26;0.8;2.9;17.2
563;Kot;Himalayan;samiec;Amor;169;2011-12-30;9.5;4.2;25.5
564;Mysz;Krótkowłosa;samica;Emma;138;2019-10-10;1.7;0.15;6
565;Kot;Orientalny;samiec;Witek ;35;2010-06-30;11;3.2;27.2
566;Pies;Owczarek kaukaski;samica;Alexa;58;2017-08-05;3.9;74.7;66
567;Szczur;Śniady;samica;Lady;159;2019-07-27;1.9;0.28;7.8
568;Kot;Brytyjski krótkowłosy;samica;Coffee;284;2013-12-11;7.6;4.1;23.8
569;Pies;Amerykański pitbulterier;samica;Osa;266;2010-01-03;11.5;24.1;50.9
570;Kot;Orientalny;samica;Rumba;216;2016-10-19;4.7;6.7;24.4
571;Mysz;Loczkowana;samica;Dusza;232;2020-02-18;1.4;0.18;5.2
572;Kot;Orientalny;samica;Kira;383;2014-08-26;6.8;3.1;29.2
573;Pies;Bokser;samiec;Mniszek;193;2017-02-20;4.4;25.2;58.8
574;Pies;Owczarek kaukaski;samiec;Nero;31;2009-05-23;12.1;69.9;70.3
575;Pies;Pekińczyk;samiec;Sherlock;102;2012-12-04;8.6;5.8;19.9
576;Pies;Gończy polski;samiec;Tołdi;270;2018-07-27;2.9;22.8;50.9
577;Pies;Alpejski gończy krótkonożny;samica;Britney ;159;2017-10-20;3.7;16.4;37.8
578;Mysz;Krótkowłosa;samiec;Messi;73;2018-11-21;2.6;0.14;4.5
579;Mysz;Loczkowana;samica;Diana;112;2019-02-06;2.4;0.16;3.1
580;Pies;Amerykański pitbulterier;samiec;Lucky;141;2009-12-16;11.5;21;44.2
581;Kot;Himalayan;samica; Lola;188;2014-02-17;7.4;4.1;27.8
582;Kot;Japoński bobtail;samica;Milka;173;2019-06-21;2;4;27.4
583;Chomik;Zabajkalski;samiec;Decybel;161;2020-07-29;0.9;0.27;6.6
584;Kot;Chausie;samica; Roxi;120;2013-06-08;8.1;7.9;29.8
585;Pies;Amerykański pitbulterier;samiec;Amigo ;300;2019-09-18;1.8;19.2;46.5
586;Kot;Doński sfinks;samiec;Ciapek;40;2016-02-11;5.4;3.1;27.3
587;Pies;Jamnik;samica;Bunia;379;2017-04-09;4.2;7.3;22.4
588;Pies;Buldog francuski;samiec;Ronald;222;2009-12-06;11.6;11.2;25.8
589;Pies;Bulterier;samiec;Emi;302;2013-06-24;8;16.4;44.6
590;Pies;Owczarek niemiecki;samiec;Dalton ;308;2010-03-01;11.3;48.9;59.5
591;Kot;Maine coon;samiec;Leo;234;2017-09-10;3.8;6.8;31.4
592;Kot;Himalayan;samiec;Kosmo;14;2012-03-16;9.3;3.8;22.2
593;Królik;Kalifornijski;samica;Ciri;43;2020-07-01;1;2.2;16.4
594;Kot;Perski;samica;Scarlet ;192;2012-08-29;8.8;7.7;28.5
595;Szczur;Polinezyjski;samiec;Bianko ;51;2018-10-13;2.7;0.31;6.2
596;Pies;Owczarek niemiecki;samiec;Tytus;130;2008-04-26;13.2;36.8;58.4
597;Królik;Popielański biały;samiec;Sherlock;12;2020-10-10;0.7;3;15.8
598;Kot;Maine coon;samiec;Brutus;226;2018-09-18;2.8;5.6;23.9
599;Pies;Bokser;samiec;Dukat ;87;2018-11-26;2.6;28.2;53.7
600;Kot;Syjamski;samica;Hania;198;2012-08-13;8.9;5.4;27.3
601;Mysz;Satynowa;samica;Duffy ;365;2018-07-14;3;0.18;5.9
602;Kot;Rosyjski niebieski;samica;Julietta;299;2018-04-19;3.2;4.5;32.3
603;Pies;Owczarek niemiecki;samica;Linda ;314;2013-01-02;8.5;33.7;64.4
604;Pies;Dog argentyński;samica;Stefa;391;2017-10-03;3.7;45;65.3
605;Kot;Japoński bobtail;samica;Daisy ;33;2020-09-22;0.8;6;32.4
606;Pies;Mastif angielski;samiec;Kaktus ;90;2014-02-19;7.4;81.4;88.9
607;Kot;Tonkijski;samiec;Nemo;186;2013-08-12;7.9;4.4;26.9
608;Pies;Owczarek kaukaski;samiec;Lucky;163;2009-08-05;11.9;53.2;70.1
609;Kot;Himalayan;samica;Osa;75;2016-03-10;5.3;6.3;32.1
610;Pies;Szpic niemiecki;samica;Feta;107;2014-07-01;7;20.7;44.7
611;Kot;Himalayan;samica; Fuzja;231;2012-05-19;9.1;6.2;23.6
612;Kot;Perski;samica;Jagoda;174;2015-11-29;5.6;7.3;28.3
613;Kot;Tonkijski;samiec;Teo;153;2015-04-15;6.2;5.9;20.3
614;Pies;Gończy węgierski;samiec;Diego;194;2012-03-09;9.3;34.5;54.8
615;Pies;Grzywacz chiński;samiec;Kuba;31;2008-11-10;12.6;4.7;29.5
616;Pies;Doberman;samica;Tami ;188;2010-06-25;11;37.9;65.5
617;Pies;Owczarek kaukaski;samiec;Hamburger;275;2012-12-02;8.6;67.1;70.7
618;Pies;Samojed;samica;Ginger;27;2009-02-07;12.4;29.1;53.1
619;Pies;Bulterier;samica;Linda ;294;2010-04-24;11.2;12.2;36.6
620;Pies;Mastif angielski;samiec;Uno;50;2013-09-04;7.8;76.5;76.3
621;Pies;Owczarek szkocki krótkowłosy;samica; Ira;264;2018-04-24;3.2;23.7;52.2
622;Pies;Buldog amerykański;samiec;Uszatek;273;2011-01-16;10.5;46;66.8
623;Kot;Brytyjski krótkowłosy;samiec;Tytus;373;2019-03-10;2.3;3.7;24.6
624;Kot;Birmański;samiec;Teddy;217;2012-05-19;9.1;5.2;26.8
625;Kot;Orientalny;samiec;Nick;189;2016-05-31;5.1;7.6;21.3
626;Kot;Rosyjski niebieski;samica;Mia;50;2011-10-28;9.7;6.2;26.9
627;Kot;Pixie-bob;samica;Furia ;259;2011-07-14;10;4.7;32.3
628;Pies;Terier australijski;samica;Kaja;132;2018-05-13;3.1;5.9;21.6
629;Mysz;Loczkowana;samiec;Newton;188;2018-06-26;3;0.15;5.4
630;Kot;Rosyjski niebieski;samiec;Decybel;163;2016-05-09;5.1;6.8;22.1
631;Pies;Owczarek portugalski;samiec;Migdał;130;2009-12-27;11.5;12.3;44.4
632;Pies;Owczarek portugalski;samica;Zagadka;64;2014-04-15;7.2;16.6;45.2
633;Pies;Grzywacz chiński;samica;Naomi ;172;2014-03-18;7.3;4.4;30.8
634;Pies;Amerykański pitbulterier;samiec;Migdał;85;2013-09-05;7.8;17.6;47.8
635;Mysz;Satynowa;samiec;Harold;176;2019-01-22;2.4;0.18;5.8
636;Chomik;Dżungarski;samica;Margot;274;2018-05-03;3.2;0.28;4.8
637;Kot;Syjamski;samiec;Samson ;276;2013-09-24;7.8;3.2;32.4
638;Kot;Japoński bobtail;samiec; Roki;66;2016-01-20;5.4;5.7;28.7
639;Mysz;Krótkowłosa;samica; Luna;147;2018-10-13;2.7;0.14;5.2
640;Pies;Buldog amerykański;samiec;Felix;67;2009-06-13;12.1;63.6;59.6
641;Kot;Orientalny;samica;Macy;351;2014-09-15;6.8;4.2;30.4
642;Królik;Angielski baran;samica;Sweety ;229;2019-12-19;1.5;3.5;17
643;Kot;Himalayan;samiec;Nemo;352;2016-09-20;4.8;4.1;20.6
644;Pies;Szpic niemiecki;samica;Candy ;98;2010-01-01;11.5;17.7;46.5
645;Chomik;Syryjski;samica;Kaja;132;2019-11-28;1.6;0.18;4.1
646;Kot;Japoński bobtail;samiec;Cynamon ;89;2011-11-09;9.6;6.6;24.5
647;Kot;Rosyjski niebieski;samiec;Snickers;388;2013-03-10;8.3;7.2;21.1
648;Pies;Cocker spaniel amerykański;samica;Fela;315;2015-06-06;6.1;9.3;36.5
649;Chomik;Syryjski;samiec;Hamburger;386;2019-05-04;2.2;0.2;5.9
650;Mysz;Satynowa;samiec; Cezar;382;2019-03-29;2.3;0.14;3.7
651;Pies;Owczarek portugalski;samiec;Papi;65;2017-06-20;4;13.8;44.7
652;Pies;Jamnik;samica;Gapa;97;2011-07-10;10;6.6;23.4
653;Pies;Amerykański pitbulterier;samiec;Cynamon ;127;2009-02-27;12.3;21.3;51.4
654;Pies;Samojed;samiec;Zefir;366;2018-10-04;2.7;28.8;51.1
655;Kot;Himalayan;samica;Viola ;211;2016-05-21;5.1;7.4;20.7
656;Kot;Pixie-bob;samiec;Aleks;154;2019-01-29;2.4;7.3;26.1
657;Pies;Dog argentyński;samica;Rumba;185;2009-04-28;12.2;42.6;62.8
658;Kot;Brytyjski długowłosy;samiec;Decybel;330;2012-05-02;9.2;7.4;25.3
659;Mysz;Długowłosa;samiec;Andy ;215;2019-01-19;2.4;0.17;3.7
660;Pies;Bernardyn;samica; Lila;32;2013-12-18;7.5;73.3;65.2
661;Mysz;Satynowa;samica;Viola ;219;2019-10-26;1.7;0.16;4.2
662;Pies;Owczarek szkocki długowłosy;samica;Margot;110;2019-04-11;2.2;21.8;58.1
663;Kot;Korat;samiec;Hektor;232;2012-07-28;8.9;4.7;31.4
664;Kot;Sfinks;samica;Mia;75;2010-09-02;10.8;3.4;24.3
665;Pies;Wyżeł włoski krótkowłosy;samiec;Dino;111;2009-09-03;11.8;34.9;59.9
666;Pies;Owczarek kaukaski;samica;Hania;196;2014-12-01;6.6;63;64
667;Królik;Popielański biały;samiec;Misza;179;2019-06-06;2.1;3.6;18.7
668;Szczur;Polinezyjski;samiec;Papi;196;2018-09-07;2.8;0.29;6.5
669;Kot;Pixie-bob;samica;Fretka;228;2016-05-13;5.1;5.9;20.4
670;Pies;Owczarek szkocki długowłosy;samiec;Cynamon ;384;2009-07-31;11.9;20.2;54
671;Pies;Berneński pies pasterski;samica; Bajka;61;2016-09-16;4.8;51.6;58.6
672;Kot;Birmański;samica;Jagna ;92;2014-12-08;6.6;6.6;23.4
673;Pies;Owczarek szkocki długowłosy;samica;Wespa;378;2020-02-21;1.4;23.9;51.1
674;Kot;Perski;samica;Kira;207;2014-02-04;7.4;5.4;22.6
675;Pies;Mastif angielski;samiec;Gacek;296;2008-12-26;12.5;93.3;71
676;Pies;Gończy węgierski;samica;Jagna ;247;2011-06-14;10.1;32.4;51.8
677;Pies;Wyżeł włoski krótkowłosy;samiec;Krakers;362;2009-08-29;11.8;35.7;64.3
678;Szczur;Śniady;samica;Duffy ;50;2020-05-05;1.2;0.24;7.2
679;Chomik;Zabajkalski;samiec;Dino;329;2019-04-29;2.2;0.3;6.8
680;Pies;Dalmatyńczyk;samica;Cola;360;2011-06-18;10;22.2;60.6
681;Pies;Doberman;samiec;Coco;372;2015-10-11;5.7;38.1;70.8
682;Pies;Bulterier;samica; Sisi;7;2019-03-07;2.3;11;36.7
683;Kot;Maine coon;samica;Maja;279;2019-11-24;1.6;7.2;27.5
684;Królik;Angielski baran;samiec; Shadow;248;2019-06-16;2;3.2;19.3
685;Chomik;Zabajkalski;samiec;Ron ;295;2019-12-26;1.5;0.24;5.2
686;Kot;Doński sfinks;samiec;Shrek;277;2015-08-08;5.9;5.7;25.8
687;Królik;Kalifornijski;samica;Trusia;21;2020-01-25;1.4;3.4;19.5
688;Kot;Burmilla;samiec;Tymek;139;2010-12-05;10.6;4.7;31.2
689;Pies;Dog argentyński;samica;Chanel;56;2010-08-22;10.9;40.4;63.4
690;Pies;Berneński pies pasterski;samica;Demi;60;2013-05-17;8.1;51.8;58.9
691;Pies;Doberman;samica;Holly;72;2009-03-05;12.3;35;72.3
692;Pies;Grzywacz chiński;samiec;Kapsel;308;2019-10-03;1.7;5.9;27.6
693;Pies;Terier australijski;samiec;Krakers;219;2010-02-02;11.4;5.2;21.3
694;Szczur;Wędrowny;samiec; Shadow;135;2018-04-14;3.2;0.17;6.4
695;Królik;Popielański biały;samica;Rysia;240;2020-06-25;1;2.8;19.5
696;Kot;Maine coon;samica;Madonna;86;2011-06-15;10;5.4;31.9
697;Pies;Gończy polski;samiec;Kosmo;6;2010-01-10;11.5;22.6;56.9
698;Szczur;Śniady;samiec;Picasso;230;2018-01-01;3.5;0.31;6.1
699;Kot;Doński sfinks;samiec;Ron ;152;2013-04-20;8.2;6.4;27
700;Pies;Samojed;samica;Ida;215;2010-04-22;11.2;27.4;53.4
701;Mysz;Satynowa;samica;Tessa ;319;2020-07-21;0.9;0.12;3.3
